{"cameraMode":{"drawMode":0,"name":"Shaded","section":"Shading Mode"},"sceneLighting":true,"audioPlay":false,"sceneViewState":{"showFog":true,"showMaterialUpdate":false,"showSkybox":true,"showFlares":true,"showImageEffects":true,"showParticleSystems":true},"in2DMode":false,"pivot":{"x":-4.2956929206848148,"y":-18.674495697021486,"z":28.672847747802736},"rotation":{"x":0.2652266025543213,"y":-0.02024606056511402,"z":0.005570584442466497,"w":0.9639562964439392},"size":56.58126449584961,"orthographic":false}